-- --------------------------------------------------------
-- Host:                         localhost
-- Versión del servidor:         5.7.24 - MySQL Community Server (GPL)
-- SO del servidor:              Win64
-- HeidiSQL Versión:             10.2.0.5599
-- --------------------------------------------------------

/*!40101 SET @OLD_CHARACTER_SET_CLIENT=@@CHARACTER_SET_CLIENT */;
/*!40101 SET NAMES utf8 */;
/*!50503 SET NAMES utf8mb4 */;
/*!40014 SET @OLD_FOREIGN_KEY_CHECKS=@@FOREIGN_KEY_CHECKS, FOREIGN_KEY_CHECKS=0 */;
/*!40101 SET @OLD_SQL_MODE=@@SQL_MODE, SQL_MODE='NO_AUTO_VALUE_ON_ZERO' */;


-- Volcando estructura de base de datos para netflix_database
CREATE DATABASE IF NOT EXISTS `netflix_database` /*!40100 DEFAULT CHARACTER SET utf8 COLLATE utf8_unicode_ci */;
USE `netflix_database`;

-- Volcando estructura para tabla netflix_database.catalogo
CREATE TABLE IF NOT EXISTS `catalogo` (
  `id_catalogo` int(11) NOT NULL AUTO_INCREMENT,
  `titulo` varchar(255) COLLATE utf8_unicode_ci NOT NULL,
  `fecha_estreno` date NOT NULL,
  `duracion_caps` int(11) NOT NULL COMMENT 'Este campo puede contener valores para una serie o pelicula',
  `imdb_valoracion` float NOT NULL,
  PRIMARY KEY (`id_catalogo`)
) ENGINE=InnoDB AUTO_INCREMENT=585 DEFAULT CHARSET=utf8 COLLATE=utf8_unicode_ci;

-- Volcando datos para la tabla netflix_database.catalogo: ~584 rows (aproximadamente)
/*!40000 ALTER TABLE `catalogo` DISABLE KEYS */;
INSERT INTO `catalogo` (`id_catalogo`, `titulo`, `fecha_estreno`, `duracion_caps`, `imdb_valoracion`) VALUES
	(1, 'Enter the Anime', '2019-08-05', 58, 2.5),
	(2, 'Dark Forces', '2020-08-21', 81, 2.6),
	(3, 'The App', '2019-12-26', 79, 2.6),
	(4, 'The Open House', '2018-01-19', 94, 3.2),
	(5, 'Kaali Khuhi', '2020-10-30', 90, 3.4),
	(6, 'Drive', '2019-11-01', 147, 3.5),
	(7, 'Leyla Everlasting', '2020-12-04', 112, 3.7),
	(8, 'The Last Days of American Crime', '2020-06-05', 149, 3.7),
	(9, 'Paradox', '2018-03-23', 73, 3.9),
	(10, 'Sardar Ka Grandson', '2021-05-18', 139, 4.1),
	(11, 'Searching for Sheela', '2021-04-22', 58, 4.1),
	(12, 'The Call', '2020-11-27', 112, 4.1),
	(13, 'Whipped', '2020-09-18', 97, 4.1),
	(14, 'All Because of You', '2020-10-01', 101, 4.2),
	(15, 'Mercy', '2016-11-22', 90, 4.2),
	(16, 'After the Raid', '2019-12-19', 25, 4.3),
	(17, 'Ghost Stories', '2020-01-01', 144, 4.3),
	(18, 'The Last Thing He Wanted', '2020-02-21', 115, 4.3),
	(19, 'What Happened to Mr. Cha?', '2021-01-01', 102, 4.3),
	(20, 'Death Note', '2017-08-25', 100, 4.4),
	(21, 'Hello Privilege. It\'s Me, Chelsea', '2019-01-13', 64, 4.4),
	(22, 'Secret Obsession', '2019-07-18', 97, 4.4),
	(23, 'Sextuplets', '2019-08-16', 99, 4.4),
	(24, 'The Girl on the Train', '2021-02-26', 120, 4.4),
	(25, 'Thunder Force', '2021-04-09', 105, 4.4),
	(26, 'Fatal Affair', '2020-07-16', 89, 4.5),
	(27, 'Just Say Yes', '2021-04-02', 97, 4.5),
	(28, 'Seriously Single', '2020-07-31', 107, 4.5),
	(29, 'The Misadventures of Hedi and Cokeman', '2021-02-10', 99, 4.5),
	(30, '5 Star Christmas', '2018-12-07', 95, 4.6),
	(31, 'After Maria', '2019-05-24', 37, 4.6),
	(32, 'I Am the Pretty Thing That Lives in the House', '2016-10-28', 89, 4.6),
	(33, 'Paris Is Us', '2019-02-22', 83, 4.6),
	(34, 'Porta dos Fundos: The First Temptation of Christ', '2019-12-03', 46, 4.6),
	(35, 'Rattlesnake', '2019-10-25', 85, 4.6),
	(36, 'The Players', '2020-07-15', 88, 4.6),
	(37, 'We Are One', '2020-07-14', 86, 4.6),
	(38, 'Finding Agnes', '2020-11-30', 105, 4.7),
	(39, 'IO', '2019-01-18', 95, 4.7),
	(40, 'Sentinelle', '2021-03-05', 80, 4.7),
	(41, 'Sol Levante', '2020-04-02', 4, 4.7),
	(42, 'The Binding', '2020-10-02', 93, 4.7),
	(43, 'We Can Be Heroes', '2020-12-25', 100, 4.7),
	(44, 'Christmas Crossfire', '2020-12-04', 106, 4.8),
	(45, 'Coin Heist', '2017-01-06', 97, 4.8),
	(46, 'Mrs. Serial Killer', '2020-05-01', 106, 4.8),
	(47, 'Nobody Sleeps in the Woods Tonight', '2020-10-28', 103, 4.8),
	(48, 'Take the 10', '2017-01-20', 80, 4.8),
	(49, 'The Main Event', '2020-04-10', 101, 4.8),
	(50, 'The Ridiculous 6', '2015-12-11', 119, 4.8),
	(51, 'Earth and Blood', '2020-04-17', 80, 4.9),
	(52, 'Fearless', '2020-08-14', 89, 4.9),
	(53, 'Holiday Rush', '2019-11-28', 94, 4.9),
	(54, 'The Day of the Lord', '2020-10-30', 93, 4.9),
	(55, 'Airplane Mode', '2020-01-23', 96, 5),
	(56, 'How It Ends', '2018-07-13', 113, 5),
	(57, 'Love Like the Falling Rain', '2020-10-15', 86, 5),
	(58, 'Rebirth', '2016-07-15', 100, 5),
	(59, 'Squared Love', '2021-02-11', 102, 5),
	(60, 'Cadaver', '2020-10-22', 86, 5.1),
	(61, 'Clinical', '2017-01-13', 104, 5.1),
	(62, 'Coffee & Kareem', '2020-04-03', 88, 5.1),
	(63, 'Dude', '2018-04-20', 97, 5.1),
	(64, 'Geez & Ann', '2021-02-25', 105, 5.1),
	(65, 'The Larva Island Movie', '2020-07-23', 90, 5.1),
	(66, '#REALITYHIGH', '2017-09-08', 99, 5.2),
	(67, 'American Factory: A Conversation with the Obamas ', '2019-08-21', 10, 5.2),
	(68, 'Desperados', '2020-07-03', 106, 5.2),
	(69, 'Dolly Parton\'s Christmas on the Square', '2020-11-22', 98, 5.2),
	(70, 'Father of the Year', '2018-07-20', 94, 5.2),
	(71, 'Firebrand', '2019-02-22', 112, 5.2),
	(72, 'Ghost Lab', '2021-05-26', 117, 5.2),
	(73, 'Girlfriend\'s Day', '2017-02-14', 70, 5.2),
	(74, 'Handsome: A Netflix Mystery Movie', '2017-05-05', 81, 5.2),
	(75, 'Hubie Halloween', '2020-10-07', 103, 5.2),
	(76, 'Ibiza', '2018-05-25', 94, 5.2),
	(77, 'Rim of the World', '2019-05-24', 98, 5.2),
	(78, 'Sandy Wexler', '2017-04-14', 131, 5.2),
	(79, 'See You Yesterday', '2019-05-17', 87, 5.2),
	(80, 'Still Laugh-In: The Stars Celebrate', '2019-05-14', 60, 5.2),
	(81, 'Strip Down, Rise Up', '2021-02-05', 112, 5.2),
	(82, 'Tall Girl', '2019-01-13', 102, 5.2),
	(83, 'The Beast', '2020-11-27', 99, 5.2),
	(84, 'The Week Of', '2019-04-27', 116, 5.2),
	(85, 'A Christmas Prince: The Royal Wedding', '2018-11-30', 92, 5.3),
	(86, 'Back to School', '2019-08-30', 83, 5.3),
	(87, 'Dangerous Lies', '2020-04-30', 97, 5.3),
	(88, 'Gunjan Saxena: The Kargil Girl', '2020-08-12', 112, 5.3),
	(89, 'Intuition', '2020-05-28', 116, 5.3),
	(90, 'The Most Assassinated Woman in the World', '2018-09-07', 102, 5.3),
	(91, 'Things Heard & Seen', '2021-04-29', 121, 5.3),
	(92, 'To Each, Her Own', '2018-06-24', 95, 5.3),
	(93, 'Who Would You Take to a Deserted Island?', '2019-04-12', 93, 5.3),
	(94, 'XOXO', '2016-08-26', 92, 5.3),
	(95, 'A Babysitter\'s Guide to Monster Hunting', '2020-10-15', 98, 5.4),
	(96, 'A Christmas Prince: The Royal Baby', '2019-12-05', 85, 5.4),
	(97, 'Despite Everything', '2019-05-03', 78, 5.4),
	(98, 'Dolly Kitty and Those Twinkling Stars', '2020-09-18', 120, 5.4),
	(99, 'Freaks: You\'re One of Us', '2020-09-02', 92, 5.4),
	(100, 'Game Over, Man!', '2018-03-23', 101, 5.4),
	(101, 'Guilty', '2020-03-06', 119, 5.4),
	(102, 'In the Tall Grass', '2019-10-04', 101, 5.4),
	(103, 'Madame Claude', '2021-04-02', 112, 5.4),
	(104, 'Naked', '2017-08-11', 96, 5.4),
	(105, 'Outside the Wire', '2021-01-15', 114, 5.4),
	(106, 'The Princess Switch: Switched Again', '2020-11-19', 97, 5.4),
	(107, 'Under the Riccione Sun', '2020-07-01', 101, 5.4),
	(108, 'A Very Murray Christmas', '2015-12-04', 56, 5.5),
	(109, 'Been So Long', '2018-10-26', 100, 5.5),
	(110, 'Dead Kids', '2019-12-01', 94, 5.5),
	(111, 'Get the Grift', '2021-04-28', 94, 5.5),
	(112, 'Ghosts of Sugar Land', '2018-10-16', 21, 5.5),
	(113, 'House Arrest', '2019-11-15', 104, 5.5),
	(114, 'Kevin Hart\'s Guide to Black History', '2019-02-08', 63, 5.5),
	(115, 'Love Wedding Repeat', '2020-04-10', 100, 5.5),
	(116, 'Mute', '2018-02-23', 126, 5.5),
	(117, 'Òlòt?ré', '2020-10-02', 106, 5.5),
	(118, 'Red Dot', '2021-02-11', 86, 5.5),
	(119, 'Ride or Die', '2021-04-15', 142, 5.5),
	(120, 'Step Sisters', '2018-01-19', 108, 5.5),
	(121, 'The Cloverfield Paradox', '2018-02-04', 102, 5.5),
	(122, 'The Knight Before Christmas', '2019-11-21', 92, 5.5),
	(123, 'The Legacy of a Whitetail Deer Hunter', '2018-07-06', 83, 5.5),
	(124, 'The Package', '2018-08-10', 94, 5.5),
	(125, 'Unicorn Store', '2019-04-05', 92, 5.5),
	(126, 'Wine Country', '2018-05-10', 103, 5.5),
	(127, 'Bomb Scared', '2017-10-12', 89, 5.6),
	(128, 'Brahman Naman', '2016-07-07', 95, 5.6),
	(129, 'Double Dad', '2021-01-15', 103, 5.6),
	(130, 'Falling Inn Love', '2019-08-29', 97, 5.6),
	(131, 'Hold the Dark', '2018-09-28', 125, 5.6),
	(132, 'Love Guaranteed', '2020-09-03', 91, 5.6),
	(133, 'One-Way to Tomorrow', '2020-07-19', 90, 5.6),
	(134, 'Sarah Cooper: Everything\'s Fine', '2020-10-27', 49, 5.6),
	(135, 'The Last Laugh', '2019-01-11', 98, 5.6),
	(136, 'The Last Paradiso', '2021-02-05', 107, 5.6),
	(137, 'The Midnight Sky', '2020-12-23', 118, 5.6),
	(138, 'The Paramedic', '2020-09-16', 94, 5.6),
	(139, 'The Sleepover', '2020-08-21', 103, 5.6),
	(140, 'Vampires vs. the Bronx', '2020-10-02', 86, 5.6),
	(141, 'Why Did You Kill Me?', '2021-04-14', 83, 5.6),
	(142, 'A Week Away', '2021-03-26', 97, 5.7),
	(143, 'Caught by a Wave', '2021-03-25', 99, 5.7),
	(144, 'Christmas Inheritance', '2017-12-15', 104, 5.7),
	(145, 'Dad Wanted', '2020-09-11', 102, 5.7),
	(146, 'El Camino Christmas', '2017-12-08', 89, 5.7),
	(147, 'Eli', '2019-10-18', 98, 5.7),
	(148, 'Ginny Weds Sunny', '2020-10-09', 125, 5.7),
	(149, 'Good Sam', '2019-05-16', 89, 5.7),
	(150, 'Lionheart', '2019-01-04', 94, 5.7),
	(151, 'Little Evil', '2017-09-01', 94, 5.7),
	(152, 'One Take', '2020-06-18', 85, 5.7),
	(153, 'Out of Many, One', '2018-12-12', 34, 5.7),
	(154, 'Point Blank', '2019-07-12', 86, 5.7),
	(155, 'Prime Time', '2021-04-14', 91, 5.7),
	(156, 'The Do-Over', '2016-05-27', 108, 5.7),
	(157, 'The Holiday Calendar', '2018-11-02', 95, 5.7),
	(158, 'The Woman in the Window', '2021-05-14', 100, 5.7),
	(159, 'The Wrong Missy', '2020-05-13', 90, 5.7),
	(160, 'Velvet Buzzsaw', '2019-02-01', 112, 5.7),
	(161, 'Yes Day', '2021-03-12', 86, 5.7),
	(162, '15 August', '2019-03-29', 124, 5.8),
	(163, 'A California Christmas', '2020-12-14', 107, 5.8),
	(164, 'A Christmas Prince', '2017-11-17', 92, 5.8),
	(165, 'All Day and a Night', '2020-05-01', 121, 5.8),
	(166, 'American Son', '2019-11-01', 90, 5.8),
	(167, 'Barry', '2016-12-16', 104, 5.8),
	(168, 'Candy Jar', '2019-04-27', 92, 5.8),
	(169, 'Choked: Paisa Bolta Hai', '2020-06-05', 114, 5.8),
	(170, 'Class of \'83', '2020-08-21', 98, 5.8),
	(171, 'Extinction', '2018-07-27', 95, 5.8),
	(172, 'Happy Anniversary', '2018-03-30', 78, 5.8),
	(173, 'I Am All Girls', '2021-05-14', 107, 5.8),
	(174, 'Let It Snow', '2019-11-08', 92, 5.8),
	(175, 'Mascots', '2016-10-13', 95, 5.8),
	(176, 'Operation Christmas Drop', '2020-11-05', 96, 5.8),
	(177, 'Rajma Chawal', '2018-11-30', 118, 5.8),
	(178, 'Rich in Love', '2020-04-30', 105, 5.8),
	(179, 'Rising High', '2020-04-17', 94, 5.8),
	(180, 'Rodney King', '2017-04-28', 52, 5.8),
	(181, 'Sierra Burgess Is a Loser', '2018-09-07', 105, 5.8),
	(182, 'Small Crimes', '2017-04-28', 95, 5.8),
	(183, 'Special Correspondents', '2016-04-29', 100, 5.8),
	(184, 'TAU', '2018-06-29', 97, 5.8),
	(185, 'The After Party', '2018-08-24', 89, 5.8),
	(186, 'The Babysitter: Killer Queen', '2020-09-10', 102, 5.8),
	(187, 'The Claus Family', '2020-12-07', 96, 5.8),
	(188, 'The Kissing Booth 2', '2020-07-24', 131, 5.8),
	(189, 'The Perfect Date', '2019-04-12', 89, 5.8),
	(190, 'What We Wanted', '2020-11-11', 93, 5.8),
	(191, 'You\'ve Got This', '2020-10-02', 111, 5.8),
	(192, '6 Balloons', '2018-04-06', 75, 5.9),
	(193, 'A Fall from Grace', '2020-01-17', 120, 5.9),
	(194, 'Amateur', '2018-04-06', 96, 5.9),
	(195, 'Army of the Dead', '2021-05-21', 148, 5.9),
	(196, 'Cam', '2018-11-16', 94, 5.9),
	(197, 'Earthquake Bird', '2019-11-15', 107, 5.9),
	(198, 'Frankenstein\'s Monster\'s Monster, Frankenstein', '2019-07-16', 32, 5.9),
	(199, 'Horse Girl', '2020-02-07', 104, 5.9),
	(200, 'Notes from Dunblane: Lesson from a School Shooting', '2018-09-28', 23, 5.9),
	(201, 'Maska', '2020-03-27', 111, 5.9),
	(202, 'The Decline', '2020-03-27', 83, 5.9),
	(203, 'The Minimalists: Less Is Now', '2021-01-01', 53, 5.9),
	(204, 'The Polka King', '2018-01-12', 95, 5.9),
	(205, 'The Prom', '2020-12-11', 132, 5.9),
	(206, 'True Memoirs of an International Assassin', '2016-11-11', 98, 5.9),
	(207, 'Ultras', '2020-05-20', 108, 5.9),
	(208, 'Come Sunday', '2018-04-13', 106, 6),
	(209, 'Forgive Us Our Debts', '2018-05-04', 104, 6),
	(210, 'iBoy', '2017-01-27', 90, 6),
	(211, 'Lovefucked', '2019-08-09', 106, 6),
	(212, 'Juanita', '2019-03-08', 90, 6),
	(213, 'Murder Mystery', '2019-06-14', 97, 6),
	(214, 'Project Power', '2020-08-14', 113, 6),
	(215, 'Rebecca', '2020-10-21', 123, 6),
	(216, 'The Christmas Chronicles: Part Two', '2020-11-25', 115, 6),
	(217, 'The Kissing Booth', '2018-05-11', 105, 6),
	(218, 'The Princess Switch', '2018-11-16', 101, 6),
	(219, 'To All the Boys: P.S. I Still Love You', '2020-02-12', 102, 6),
	(220, 'War Machine', '2017-05-26', 122, 6),
	(221, '6 Underground', '2019-12-13', 128, 6.1),
	(222, 'Between Two Ferns: The Movie', '2019-09-20', 82, 6.1),
	(223, 'Burning Sands', '2017-03-10', 102, 6.1),
	(224, 'Casting JonBenet', '2017-04-28', 80, 6.1),
	(225, 'Deidra & Laney Rob a Train', '2017-03-17', 94, 6.1),
	(226, 'Finding \'Ohana', '2021-01-29', 123, 6.1),
	(227, 'Holidate', '2020-10-28', 104, 6.1),
	(228, 'Holiday in the Wild', '2019-11-01', 85, 6.1),
	(229, 'Hot Girls Wanted', '2015-05-29', 84, 6.1),
	(230, 'Like Father', '2018-08-03', 103, 6.1),
	(231, 'Lost Girls', '2020-03-13', 95, 6.1),
	(232, 'Otherhood', '2019-08-02', 100, 6.1),
	(233, 'Pee-wee\'s Big Holiday', '2016-03-18', 89, 6.1),
	(234, 'Rogue City', '2020-10-30', 116, 6.1),
	(235, 'Sergio', '2020-04-17', 118, 6.1),
	(236, 'Stuck Apart', '2021-01-08', 96, 6.1),
	(237, 'Tersanjung the Movie', '2021-04-01', 114, 6.1),
	(238, 'The Killer', '2017-11-10', 99, 6.1),
	(239, 'The Lovebirds', '2020-05-22', 87, 6.1),
	(240, 'The Most Hated Woman in America', '2017-03-24', 92, 6.1),
	(241, 'The Perfection', '2019-05-24', 90, 6.1),
	(242, 'Tribhanga – Tedhi Medhi Crazy', '2021-01-15', 95, 6.1),
	(243, 'Unknown Origins', '2020-08-28', 96, 6.1),
	(244, 'Work It', '2020-08-07', 93, 6.1),
	(245, 'Alien Xmas', '2020-11-20', 42, 6.2),
	(246, 'Baggio: The Divine Ponytail', '2021-05-26', 92, 6.2),
	(247, 'Below Zero', '2021-01-29', 106, 6.2),
	(248, 'Citation', '2020-11-06', 151, 6.2),
	(249, 'Crazy Awesome Teachers', '2020-08-17', 101, 6.2),
	(250, 'Have You Ever Seen Fireflies?', '2021-04-09', 114, 6.2),
	(251, 'High Flying Bird', '2019-02-08', 90, 6.2),
	(252, 'In the Shadow of the Moon', '2019-09-27', 115, 6.2),
	(253, 'Lost Bullet', '2020-07-19', 92, 6.2),
	(254, 'Octonauts & the Caves of Sac Actun', '2020-08-14', 72, 6.2),
	(255, 'Offering to the Storm', '2020-07-24', 139, 6.2),
	(256, 'Roxanne Roxanne', '2018-03-23', 98, 6.2),
	(257, 'Someone Great', '2019-04-19', 92, 6.2),
	(258, 'Spenser Confidential', '2020-03-06', 111, 6.2),
	(259, 'The Land of Steady Habits', '2018-09-14', 98, 6.2),
	(260, 'The Rachel Divide', '2019-04-27', 104, 6.2),
	(261, 'Voyuer ', '2017-12-01', 95, 6.2),
	(262, 'Win It All', '2017-04-07', 88, 6.2),
	(263, '1922', '2017-10-20', 102, 6.3),
	(264, 'A Tale of Two Kitchens', '2019-05-22', 30, 6.3),
	(265, 'Alex Strangelove', '2018-06-08', 99, 6.3),
	(266, 'Apostle', '2018-10-12', 129, 6.3),
	(267, 'Benji', '2018-03-16', 87, 6.3),
	(268, 'Bright', '2017-12-22', 117, 6.3),
	(269, 'Cargo', '2018-05-18', 104, 6.3),
	(270, 'Concrete Cowboy', '2021-04-02', 111, 6.3),
	(271, 'Feel the Beat', '2020-06-19', 107, 6.3),
	(272, 'Get the Goat', '2021-05-18', 97, 6.3),
	(273, 'I Am Not an Easy Man', '2018-04-13', 98, 6.3),
	(274, 'June & Kopi', '2021-01-28', 90, 6.3),
	(275, 'Music Teacher', '2019-04-19', 101, 6.3),
	(276, 'Nail Bomber: Manhunt', '2021-05-26', 72, 6.3),
	(277, 'Notes for My Son', '2020-11-24', 83, 6.3),
	(278, 'Polar', '2019-01-25', 118, 6.3),
	(279, 'Porta dos Fundos: The Last Hangover', '2018-12-21', 44, 6.3),
	(280, 'Sand Castle', '2017-04-21', 113, 6.3),
	(281, 'Shimmer Lake', '2017-06-09', 86, 6.3),
	(282, 'Spectral', '2016-12-09', 108, 6.3),
	(283, 'The Babysitter', '2017-11-13', 85, 6.3),
	(284, 'The Discovery', '2017-03-31', 102, 6.3),
	(285, 'The Forest of Love', '2019-10-11', 151, 6.3),
	(286, 'The Laundromat', '2019-10-18', 98, 6.3),
	(287, 'The Legend of Cocaine Island', '2019-03-29', 87, 6.3),
	(288, 'The Outsider', '2018-03-09', 120, 6.3),
	(289, 'Time to Hunt', '2020-04-23', 134, 6.3),
	(290, 'To All the Boys: Always and Forever', '2021-02-12', 109, 6.3),
	(291, 'Travis Scott: Look Mom I Can Fly', '2019-08-28', 85, 6.3),
	(292, 'Uncorked', '2020-03-27', 103, 6.3),
	(293, 'Anelka: Misunderstood', '2020-08-05', 94, 6.4),
	(294, 'Ariana Grande: Excuse Me, I Love You', '2020-12-21', 97, 6.4),
	(295, 'ARQ', '2016-09-16', 88, 6.4),
	(296, 'Birders', '2019-09-25', 37, 6.4),
	(297, 'Como Caído del Cielo', '2019-12-24', 112, 6.4),
	(298, 'First Match', '2018-03-30', 102, 6.4),
	(299, 'Fractured', '2019-10-11', 100, 6.4),
	(300, 'Irreplaceable You', '2018-02-16', 96, 6.4),
	(301, 'Isi & Ossi', '2020-02-14', 113, 6.4),
	(302, 'John Was Trying to Contact Aliens', '2020-08-20', 16, 6.4),
	(303, 'Layla Majnun', '2021-02-11', 119, 6.4),
	(304, 'Murder to Mercy: The Cyntoia Brown Story', '2020-04-29', 97, 6.4),
	(305, 'My Own Man', '2014-12-13', 81, 6.4),
	(306, 'Nappily Ever After', '2018-09-21', 98, 6.4),
	(307, 'Over the Moon', '2020-10-23', 95, 6.4),
	(308, 'Street Flow', '2019-10-12', 96, 6.4),
	(309, 'Strong Island', '2017-09-15', 107, 6.4),
	(310, 'Sturgill Simpson Presents: Sound & Fury', '2019-09-27', 41, 6.4),
	(311, 'Take Your Pills', '2018-03-16', 87, 6.4),
	(312, 'The Heartbreak Club', '2021-01-14', 101, 6.4),
	(313, 'The Mars Generation', '2017-05-05', 97, 6.4),
	(314, 'The Occupant', '2020-03-25', 103, 6.4),
	(315, 'The Willoughbys', '2020-04-22', 90, 6.4),
	(316, 'Triple Frontier', '2019-03-13', 125, 6.4),
	(317, 'Two Catalonias', '2018-09-28', 116, 6.4),
	(318, 'Walk. Ride. Rodeo.', '2019-03-08', 99, 6.4),
	(319, 'Wheelman', '2017-10-20', 82, 6.4),
	(320, 'When We First Met', '2018-02-09', 97, 6.4),
	(321, 'A 3 Minute Hug', '2019-10-28', 28, 6.5),
	(322, 'All the Bright Places', '2020-02-28', 108, 6.5),
	(323, 'All Together Now', '2020-08-28', 93, 6.5),
	(324, 'Altered Carbon: Resleeved', '2020-03-19', 74, 6.5),
	(325, 'Antoine Griezmann: The Making of a Legend', '2019-03-21', 60, 6.5),
	(326, 'Canvas ', '2020-12-11', 9, 6.5),
	(327, 'Chadwick Boseman: Portrait of an Artist', '2021-04-17', 21, 6.5),
	(328, 'Chopsticks', '2019-03-31', 100, 6.5),
	(329, 'Da 5 Bloods', '2020-06-12', 155, 6.5),
	(330, 'Dolly Parton: A MusiCares Tribute', '2021-04-07', 55, 6.5),
	(331, 'Eurovision Song Contest: The Story of Fire Saga', '2020-06-26', 123, 6.5),
	(332, 'Gerald\'s Game', '2017-09-29', 103, 6.5),
	(333, 'His House', '2020-10-30', 93, 6.5),
	(334, 'Jingle Jangle: A Christmas Journey', '2020-11-13', 119, 6.5),
	(335, 'Life Overtakes Me', '2019-06-14', 40, 6.5),
	(336, 'Lust Stories', '2018-06-15', 120, 6.5),
	(337, 'Monster', '2021-05-07', 98, 6.5),
	(338, 'Mowgli: Legend of the Jungle', '2018-12-07', 104, 6.5),
	(339, 'Nobody Knows I\'m Here', '2020-06-24', 91, 6.5),
	(340, 'Nobody Speak: Trials of the Free Press', '2017-06-23', 95, 6.5),
	(341, 'Oxygen', '2021-05-12', 101, 6.5),
	(342, 'Set It Up', '2018-06-15', 105, 6.5),
	(343, 'The Incredible Jessica James', '2017-07-28', 83, 6.5),
	(344, 'Tigertail', '2020-04-10', 91, 6.5),
	(345, 'Tramps', '2017-04-21', 83, 6.5),
	(346, 'What Did Jack Do?', '2020-01-20', 17, 6.5),
	(347, 'Bad Trip', '2021-03-26', 86, 6.6),
	(348, 'Bird Box', '2018-12-21', 124, 6.6),
	(349, 'Bulbbul', '2020-06-24', 94, 6.6),
	(350, 'Crazy About Her', '2021-02-26', 102, 6.6),
	(351, 'Elisa & Marcela', '2019-06-07', 118, 6.6),
	(352, 'I\'ll Sleep When I\'m Dead', '2016-08-19', 79, 6.6),
	(353, 'I\'m Thinking of Ending Things', '2020-09-04', 134, 6.6),
	(354, 'It Takes a Lunatic', '2019-10-25', 126, 6.6),
	(355, 'Milestone', '2021-05-07', 98, 6.6),
	(356, 'Recovery Boys', '2018-06-29', 89, 6.6),
	(357, 'ReMastered: Who Killed Jam Master Jay?', '2018-12-07', 58, 6.6),
	(358, 'Shawn Mendes: In Wonder', '2020-11-23', 83, 6.6),
	(359, 'Space Sweepers', '2021-02-05', 136, 6.6),
	(360, 'The American Meme', '2018-12-07', 98, 6.6),
	(361, 'The Angel', '2018-09-14', 114, 6.6),
	(362, 'The Crimes That Bind', '2020-08-20', 99, 6.6),
	(363, 'The Red Sea Diving Resort', '2019-07-31', 130, 6.6),
	(364, 'What Would Sophia Loren Do?', '2021-01-15', 32, 6.6),
	(365, 'A Whisker Away', '2020-06-18', 104, 6.7),
	(366, 'Ajeeb Daastaans', '2021-04-16', 142, 6.7),
	(367, 'Arlo the Alligator Boy', '2021-04-16', 92, 6.7),
	(368, 'Bikram: Yogi, Guru, Predator', '2019-11-20', 86, 6.7),
	(369, 'Blame!', '2017-05-20', 106, 6.7),
	(370, 'Blue Miracle', '2021-05-27', 95, 6.7),
	(371, 'CounterPunch ', '2017-06-16', 91, 6.7),
	(372, 'Crack: Cocaine, Corruption & Conspiracy', '2021-01-11', 89, 6.7),
	(373, 'Extraction', '2020-04-24', 117, 6.7),
	(374, 'Giving Voice', '2020-12-11', 90, 6.7),
	(375, 'Hillbilly Elegy', '2020-11-24', 117, 6.7),
	(376, 'Hope Frozen: A Quest to Live Twice', '2020-09-15', 80, 6.7),
	(377, 'Imperial Dreams', '2017-02-03', 87, 6.7),
	(378, 'Just Another Christmas', '2020-12-03', 101, 6.7),
	(379, 'Little Miss Sumo', '2019-10-28', 19, 6.7),
	(380, 'Malcolm & Marie', '2021-02-05', 106, 6.7),
	(381, 'Michael Bolton\'s Big, Sexy, Valentine\'s Day Special', '2017-02-07', 54, 6.7),
	(382, 'Moxie', '2021-03-03', 111, 6.7),
	(383, 'Night in Paradise', '2021-04-09', 132, 6.7),
	(384, 'Paper Lives', '2021-03-12', 97, 6.7),
	(385, 'Parchis: The Documentary', '2019-07-10', 106, 6.7),
	(386, 'Tallulah', '2016-07-29', 111, 6.7),
	(387, 'The Old Guard', '2020-07-10', 124, 6.7),
	(388, 'Tony Robbins: I Am Not Your Guru', '2016-07-15', 116, 6.7),
	(389, 'Upstarts', '2019-10-18', 112, 6.7),
	(390, '22 July', '2018-10-10', 144, 6.8),
	(391, '7 años', '2016-10-28', 76, 6.8),
	(392, 'A Futile and Stupid Gesture', '2018-01-26', 101, 6.8),
	(393, 'A Life of Speed: The Juan Manuel Fangio Story', '2020-05-20', 92, 6.8),
	(394, 'A Love Song for Latasha', '2020-09-21', 19, 6.8),
	(395, 'All in My Family', '2019-05-03', 39, 6.8),
	(396, 'Always Be My Maybe', '2019-03-31', 102, 6.8),
	(397, 'Becoming', '2020-05-06', 89, 6.8),
	(398, 'Long Live Brij Mohan', '2018-08-03', 105, 6.8),
	(399, 'Calibre', '2018-06-29', 101, 6.8),
	(400, 'Death to 2020', '2020-12-27', 70, 6.8),
	(401, 'GIMS: On the Record', '2020-09-17', 96, 6.8),
	(402, 'Have a Good Trip: Adventures in Psychedelics', '2020-05-11', 85, 6.8),
	(403, 'Heroin(e) ', '2017-09-12', 39, 6.8),
	(404, 'Mercury 13', '2018-04-20', 79, 6.8),
	(405, 'Saving Capitalism', '2017-11-21', 73, 6.8),
	(406, 'Serious Men', '2020-10-02', 114, 6.8),
	(407, 'The Boys in the Band', '2020-09-30', 121, 6.8),
	(408, 'The Boys in the Band: Something Personal', '2020-09-30', 28, 6.8),
	(409, 'The Life Ahead', '2020-11-13', 95, 6.8),
	(410, 'The Other Side of the Wind', '2018-11-02', 122, 6.8),
	(411, 'The Trader', '2018-02-09', 23, 6.8),
	(412, 'To the Bone', '2017-07-14', 107, 6.8),
	(413, 'Tony Parker: The Final Shot', '2021-01-06', 98, 6.8),
	(414, 'AK vs AK', '2020-12-24', 108, 6.9),
	(415, 'Amanda Knox', '2016-09-30', 92, 6.9),
	(416, 'Bigflo & Oil: Hip Hop Frenzy', '2020-10-08', 100, 6.9),
	(417, 'Biggie: I Got a Story to Tell', '2021-03-01', 97, 6.9),
	(418, 'Cops and Robbers', '2020-12-28', 7, 6.9),
	(419, 'I Don\'t Feel at Home in This World Anymore', '2017-02-24', 96, 6.9),
	(420, 'Laerte-se', '2017-05-19', 100, 6.9),
	(421, 'Mank', '2020-12-04', 132, 6.9),
	(422, 'Our Souls at Night', '2017-09-29', 103, 6.9),
	(423, 'Outlaw King', '2018-11-09', 121, 6.9),
	(424, 'Pagglait', '2021-03-26', 114, 6.9),
	(425, 'ReMastered: Who Shot the Sheriff?', '2018-10-12', 57, 6.9),
	(426, 'Seeing Allred', '2018-02-09', 95, 6.9),
	(427, 'Spelling the Dream', '2020-06-03', 83, 6.9),
	(428, 'The Claudia Kishi Club', '2020-07-10', 17, 6.9),
	(429, 'The Half of It', '2020-05-01', 105, 6.9),
	(430, 'The Highwaymen', '2019-03-29', 131, 6.9),
	(431, 'The Lonely Island Presents: The Unauthorized Bash Brothers Experience', '2019-05-23', 30, 6.9),
	(432, 'The Meyerowitz Stories (New and Selected)', '2017-11-13', 112, 6.9),
	(433, 'Feminists: What Were They Thinking?', '2018-10-12', 86, 7),
	(434, 'Gaga: Five Foot Two', '2017-09-22', 100, 7),
	(435, 'I\'m No Longer Here: A Discussion with Guillermo del Toro and Alfonso Cuaron', '2020-11-03', 14, 7),
	(436, 'Kingdom of Us', '2017-11-13', 109, 7),
	(437, 'Lorena, Light-Footed Woman', '2019-11-20', 28, 7),
	(438, 'Los Tigres del Norte at Folsom Prison', '2019-09-15', 64, 7),
	(439, 'Ma Rainey\'s Black Bottom', '2020-12-18', 94, 7),
	(440, 'Ma Rainey\'s Black Bottom: A Legacy Brought to Screen', '2020-12-18', 31, 7),
	(441, 'Operation Varsity Blues: The College Admissions Scandal', '2021-03-17', 99, 7),
	(442, 'Pele', '2021-02-23', 108, 7),
	(443, 'ReMastered: Devil at the Crossroads', '2019-04-26', 48, 7),
	(444, 'ReMastered: The Lion\'s Share', '2019-05-17', 84, 7),
	(445, 'ReMastered: The Miami Showband Massacre', '2019-03-22', 70, 7),
	(446, 'Resurface', '2017-09-01', 27, 7),
	(447, 'Rocko\'s Modern Life: Static Cling', '2019-08-09', 45, 7),
	(448, 'Rose Island', '2020-12-09', 117, 7),
	(449, 'The Christmas Chronicles', '2018-11-22', 104, 7),
	(450, 'The Dirt', '2019-03-22', 108, 7),
	(451, 'The Night Comes for Us', '2018-10-19', 121, 7),
	(452, '13th: A Conversation with Oprah Winfrey & Ava DuVernay', '2017-01-26', 36, 7.1),
	(453, 'Angela\'s Christmas', '2018-11-30', 30, 7.1),
	(454, 'Angela\'s Christmas Wish', '2020-12-01', 47, 7.1),
	(455, 'Beats', '2019-06-19', 110, 7.1),
	(456, 'Circus of Books', '2020-04-22', 92, 7.1),
	(457, 'Dance Dreams: Hot Chocolate Nutcracker', '2020-11-27', 80, 7.1),
	(458, 'Derren Brown: Sacrifice', '2018-10-19', 49, 7.1),
	(459, 'El Pepe: A Supreme Life', '2019-12-27', 73, 7.1),
	(460, 'End Game', '2018-05-04', 40, 7.1),
	(461, 'Evelyn', '2019-09-10', 96, 7.1),
	(462, 'Ferry', '2021-05-14', 106, 7.1),
	(463, 'Grass Is Greener', '2019-04-20', 97, 7.1),
	(464, 'Guillermo Vilas: Settling the Score', '2020-10-27', 94, 7.1),
	(465, 'Joshua: Teenager vs. Superpower', '2017-05-26', 78, 7.1),
	(466, 'Keith Richards: Under the Influence', '2015-09-18', 81, 7.1),
	(467, 'Knock Down the House', '2019-05-01', 87, 7.1),
	(468, 'Loudon Wainwright III: Surviving Twin', '2018-11-13', 91, 7.1),
	(469, 'My Beautiful Broken Brain', '2016-03-18', 91, 7.1),
	(470, 'One of Us', '2017-10-20', 95, 7.1),
	(471, 'Pieces of a Woman', '2021-01-07', 126, 7.1),
	(472, 'Ram Dass, Going Home', '2018-04-06', 31, 7.1),
	(473, 'ReMastered: Tricky Dick & the Man in Black', '2018-11-02', 58, 7.1),
	(474, 'Rooting for Roona', '2020-10-15', 41, 7.1),
	(475, 'The Devil All the Time', '2020-09-16', 138, 7.1),
	(476, 'The Dig', '2021-01-29', 112, 7.1),
	(477, 'The Great Hack', '2019-07-24', 114, 7.1),
	(478, 'The White Tiger', '2021-01-22', 125, 7.1),
	(479, 'To All the Boys I\'ve Loved Before', '2018-08-17', 99, 7.1),
	(480, 'American Murder: The Family Next Door', '2020-09-30', 82, 7.2),
	(481, 'Audrie & Daisy', '2016-09-23', 98, 7.2),
	(482, 'First They Killed My Father', '2017-09-15', 136, 7.2),
	(483, 'Fyre: The Greatest Party That Never Happened', '2019-01-18', 97, 7.2),
	(484, 'Into the Inferno', '2016-10-28', 107, 7.2),
	(485, 'LA Originals', '2020-04-10', 92, 7.2),
	(486, 'Ladies First', '2018-03-08', 39, 7.2),
	(487, 'Love per Square Foot', '2018-02-14', 133, 7.2),
	(488, 'Paddleton', '2019-02-22', 89, 7.2),
	(489, 'Private Life', '2018-10-05', 124, 7.2),
	(490, 'Seventeen', '2019-10-18', 99, 7.2),
	(491, 'Sometimes', '2018-05-01', 101, 7.2),
	(492, 'Soni', '2019-01-18', 97, 7.2),
	(493, 'The 40-Year-Old Version', '2020-10-09', 124, 7.2),
	(494, 'The Disciple', '2021-04-30', 129, 7.2),
	(495, 'The Edge of Democracy', '2019-06-19', 121, 7.2),
	(496, 'The King', '2019-11-01', 140, 7.2),
	(497, 'The Road to El Camino: A Breaking Bad Movie', '2019-10-29', 13, 7.2),
	(498, 'The Siege of Jadotville', '2016-10-07', 108, 7.2),
	(499, 'Zion ', '2018-08-10', 11, 7.2),
	(500, 'Dolemite Is My Name', '2019-10-25', 118, 7.3),
	(501, 'El Camino: A Breaking Bad Movie', '2019-10-11', 121, 7.3),
	(502, 'Extremis', '2016-09-13', 24, 7.3),
	(503, 'Father Soldier Son', '2020-07-17', 100, 7.3),
	(504, 'Get Me Roger Stone', '2017-05-12', 101, 7.3),
	(505, 'I\'m No Longer Here', '2020-05-27', 105, 7.3),
	(506, 'Mucho Mucho Amor: The Legend of Walter Mercado ', '2020-07-08', 96, 7.3),
	(507, 'Octonauts & the Great Barrier Reef', '2020-10-13', 47, 7.3),
	(508, 'Okja', '2017-06-28', 121, 7.3),
	(509, 'On My Skin', '2018-09-12', 100, 7.3),
	(510, 'Raat Akeli Hai', '2020-07-31', 149, 7.3),
	(511, 'ReMastered: Massacre at the Stadium', '2019-01-11', 64, 7.3),
	(512, 'ReMastered: The Two Killings of Sam Cooke', '2019-02-08', 64, 7.3),
	(513, 'Secrets of the Saqqara Tomb', '2020-10-28', 114, 7.3),
	(514, 'Sitara: Let Girls Dream', '2020-03-08', 15, 7.3),
	(515, 'Sky Ladder: The Art of Cai Guo-Qiang', '2016-10-14', 79, 7.3),
	(516, 'Team Foxcatcher', '2016-04-29', 90, 7.3),
	(517, 'The Ballad of Buster Scruggs', '2018-11-16', 132, 7.3),
	(518, 'The Death and Life of Marsha P. Johnson', '2017-10-06', 105, 7.3),
	(519, 'The Fundamentals of Caring', '2016-06-24', 97, 7.3),
	(520, 'The Other One: The Long Strange Trip of Bob Weir', '2015-05-22', 83, 7.3),
	(521, 'American Factory', '2019-08-21', 110, 7.4),
	(522, 'Fire in Paradise', '2019-11-01', 39, 7.4),
	(523, 'Long Shot', '2017-09-29', 40, 7.4),
	(524, 'Miss Americana', '2020-01-31', 85, 7.4),
	(525, 'Period. End of Sentence.', '2019-02-12', 26, 7.4),
	(526, 'Shawn Mendes: Live in Concert', '2020-11-25', 87, 7.4),
	(527, 'Shirkers', '2018-10-26', 97, 7.4),
	(528, 'The Black Godfather', '2019-06-07', 118, 7.4),
	(529, 'The Irishman: In Conversation', '2019-11-27', 23, 7.4),
	(530, 'The Speed Cubers', '2020-07-29', 40, 7.4),
	(531, 'They\'ll Love Me When I\'m Dead', '2018-11-02', 98, 7.4),
	(532, 'Tig', '2015-07-17', 80, 7.4),
	(533, 'Barbra: The Music, The Mem\'ries, Concert Film', '2017-11-22', 108, 7.5),
	(534, 'Blackpink: Light Up the Sky', '2020-10-14', 79, 7.5),
	(535, 'City of Joy', '2018-09-07', 74, 7.5),
	(536, 'Dick Johnson Is Dead', '2020-10-02', 90, 7.5),
	(537, 'Homecoming: A Film by Beyonce ', '2019-04-17', 137, 7.5),
	(538, 'Invader Zim: Enter the Florpus', '2019-08-16', 71, 7.5),
	(539, 'Joan Didion: The Center Will Not Hold', '2017-10-27', 98, 7.5),
	(540, 'John Mulaney & the Sack Lunch Bunch', '2019-12-24', 70, 7.5),
	(541, 'Reversing Roe', '2018-09-13', 99, 7.5),
	(542, 'The White Helmets', '2016-09-16', 40, 7.5),
	(543, 'Athlete A', '2020-06-24', 104, 7.6),
	(544, 'Ludo', '2020-11-12', 149, 7.6),
	(545, 'Quincy', '2018-09-21', 124, 7.6),
	(546, 'Rolling Thunder Revue: A bob Dylan Story by Martin Scorsere', '2019-06-12', 144, 7.6),
	(547, 'Tell Me Who I Am', '2019-10-18', 85, 7.6),
	(548, 'The Bleeding Edge', '2018-07-27', 100, 7.6),
	(549, 'The Social Dilemma', '2020-09-09', 94, 7.6),
	(550, 'The Two Popes', '2019-12-20', 125, 7.6),
	(551, 'What Happened,  Miss Simone?', '2015-06-26', 84, 7.6),
	(552, 'Yeh Ballet', '2020-02-21', 117, 7.6),
	(553, 'Anima', '2019-06-27', 15, 7.7),
	(554, 'Beasts of No Nation', '2015-10-16', 136, 7.7),
	(555, 'Brene Brown: The Call to Courage', '2019-04-19', 76, 7.7),
	(556, 'Crip Camp: A Disability Revolution', '2020-03-25', 108, 7.7),
	(557, 'Jim & Andy: The Great Beyond - Featuring a Very Special, Contractually Obligated Mention of Tony Cliffton ', '2017-11-17', 94, 7.7),
	(558, 'Justin Timberlake + The Tennessee Kids', '2016-10-12', 90, 7.7),
	(559, 'Road to Roma', '2020-02-11', 72, 7.7),
	(560, 'Roma', '2018-12-14', 135, 7.7),
	(561, 'If Anything Happens I Love You', '2020-11-20', 12, 7.8),
	(562, 'The Irishman', '2019-11-27', 209, 7.8),
	(563, 'The Trial of the Chicago 7', '2020-10-16', 130, 7.8),
	(564, 'A Secret Love', '2020-04-29', 82, 7.9),
	(565, 'Icarus', '2017-08-04', 120, 7.9),
	(566, 'Marriage Story', '2019-12-06', 136, 7.9),
	(567, 'The Ivory Game', '2016-11-04', 112, 7.9),
	(568, 'Struggle: The Life and Lost Art of Szukaiski', '2018-12-21', 105, 8),
	(569, 'Chasing Coral ', '2017-07-14', 89, 8.1),
	(570, 'My Octopus Teacher', '2020-09-07', 85, 8.1),
	(571, 'Rising Phoenix', '2020-08-26', 106, 8.1),
	(572, '13th', '2016-10-07', 100, 8.2),
	(573, 'Disclosure: Trans Lives on Screen', '2020-07-19', 107, 8.2),
	(574, 'Klaus', '2019-11-15', 97, 8.2),
	(575, 'Seaspiracy', '2021-03-24', 89, 8.2),
	(576, 'The Three Deaths of Marisela Escobedo', '2020-10-14', 109, 8.2),
	(577, 'Cuba and the Cameraman ', '2017-11-24', 114, 8.3),
	(578, 'Dancing with the Birds', '2019-10-23', 51, 8.3),
	(579, 'Ben Platt: Live from Radio City Music Hall', '2020-05-20', 85, 8.4),
	(580, 'Taylor Swift: Reputation Stadium Tour', '2018-12-31', 125, 8.4),
	(581, 'Winter on Fire: Ukraine\'s Fight for Freedom', '2015-10-09', 91, 8.4),
	(582, 'Springsteen on Broadway', '2018-12-16', 153, 8.5),
	(583, 'Emicida: AmarElo - It\'s All For Yesterday', '2020-12-08', 89, 8.6),
	(584, 'David Attenborough: A Life on Our Planet', '2020-10-04', 83, 9);
/*!40000 ALTER TABLE `catalogo` ENABLE KEYS */;

-- Volcando estructura para tabla netflix_database.catalogo_genero
CREATE TABLE IF NOT EXISTS `catalogo_genero` (
  `id_catalogo_genero` int(11) NOT NULL AUTO_INCREMENT,
  `id_catalogo` int(11) NOT NULL,
  `id_genero` int(11) NOT NULL,
  PRIMARY KEY (`id_catalogo_genero`),
  KEY `id_catalogo` (`id_catalogo`),
  KEY `id_genero` (`id_genero`),
  CONSTRAINT `catalogo_genero_id_catalogo` FOREIGN KEY (`id_catalogo`) REFERENCES `catalogo` (`id_catalogo`),
  CONSTRAINT `catalogo_genero_id_genero` FOREIGN KEY (`id_genero`) REFERENCES `generos` (`id_genero`)
) ENGINE=InnoDB AUTO_INCREMENT=1134 DEFAULT CHARSET=utf8 COLLATE=utf8_unicode_ci;

-- Volcando datos para la tabla netflix_database.catalogo_genero: ~600 rows (aproximadamente)
/*!40000 ALTER TABLE `catalogo_genero` DISABLE KEYS */;
INSERT INTO `catalogo_genero` (`id_catalogo_genero`, `id_catalogo`, `id_genero`) VALUES
	(1, 1, 1),
	(2, 2, 2),
	(3, 4, 5),
	(4, 5, 6),
	(5, 6, 7),
	(6, 7, 8),
	(7, 10, 8),
	(8, 11, 1),
	(9, 12, 4),
	(10, 13, 13),
	(11, 14, 14),
	(12, 15, 2),
	(13, 16, 1),
	(14, 17, 15),
	(15, 18, 16),
	(16, 19, 8),
	(17, 20, 5),
	(18, 21, 1),
	(19, 22, 2),
	(20, 23, 8),
	(21, 24, 2),
	(22, 25, 17),
	(23, 26, 2),
	(24, 27, 13),
	(25, 28, 8),
	(26, 29, 8),
	(27, 30, 8),
	(28, 31, 1),
	(29, 32, 18),
	(30, 33, 19),
	(31, 34, 8),
	(32, 35, 18),
	(33, 36, 8),
	(34, 37, 1),
	(35, 38, 4),
	(36, 40, 7),
	(37, 42, 4),
	(38, 43, 22),
	(39, 44, 2),
	(40, 45, 23),
	(41, 46, 2),
	(42, 47, 18),
	(43, 48, 8),
	(44, 49, 8),
	(45, 50, 11),
	(46, 51, 7),
	(47, 53, 25),
	(48, 54, 4),
	(49, 55, 8),
	(50, 56, 26),
	(51, 57, 4),
	(52, 58, 2),
	(53, 59, 13),
	(54, 60, 18),
	(55, 61, 2),
	(56, 62, 14),
	(57, 63, 27),
	(58, 64, 28),
	(59, 65, 24),
	(60, 66, 8),
	(61, 68, 13),
	(62, 69, 31),
	(63, 70, 8),
	(64, 71, 4),
	(65, 72, 18),
	(66, 73, 8),
	(67, 74, 8),
	(68, 75, 8),
	(69, 76, 8),
	(70, 77, 32),
	(71, 78, 8),
	(72, 79, 3),
	(73, 80, 33),
	(74, 81, 1),
	(75, 82, 34),
	(76, 83, 4),
	(77, 84, 8),
	(78, 85, 13),
	(79, 86, 8),
	(80, 87, 2),
	(81, 88, 4),
	(82, 89, 2),
	(83, 90, 2),
	(84, 91, 18),
	(85, 92, 13),
	(86, 93, 4),
	(87, 94, 4),
	(88, 96, 13),
	(89, 97, 8),
	(90, 98, 4),
	(91, 99, 36),
	(92, 101, 2),
	(93, 102, 18),
	(94, 103, 4),
	(95, 104, 8),
	(96, 106, 13),
	(97, 107, 37),
	(98, 109, 10),
	(99, 110, 2),
	(100, 111, 8),
	(101, 112, 1),
	(102, 113, 8),
	(103, 114, 33),
	(104, 115, 13),
	(105, 117, 38),
	(106, 118, 2),
	(107, 119, 39),
	(108, 120, 8),
	(109, 121, 3),
	(110, 122, 13),
	(111, 124, 41),
	(112, 125, 8),
	(113, 126, 8),
	(114, 127, 41),
	(115, 128, 8),
	(116, 129, 34),
	(117, 130, 13),
	(118, 131, 2),
	(119, 132, 13),
	(120, 133, 42),
	(121, 134, 33),
	(122, 135, 34),
	(123, 136, 28),
	(124, 137, 3),
	(125, 138, 2),
	(126, 139, 8),
	(127, 140, 43),
	(128, 141, 1),
	(129, 142, 44),
	(130, 143, 45),
	(131, 144, 28),
	(132, 145, 35),
	(133, 146, 46),
	(134, 147, 18),
	(135, 148, 13),
	(136, 149, 4),
	(137, 150, 8),
	(138, 151, 47),
	(139, 152, 1),
	(140, 153, 1),
	(141, 154, 7),
	(142, 155, 2),
	(143, 156, 14),
	(144, 157, 13),
	(145, 158, 48),
	(146, 159, 8),
	(147, 160, 2),
	(148, 161, 8),
	(149, 162, 34),
	(150, 163, 13),
	(151, 164, 13),
	(152, 165, 4),
	(153, 166, 4),
	(154, 167, 49),
	(155, 168, 8),
	(156, 169, 4),
	(157, 170, 4),
	(158, 172, 13),
	(159, 173, 2),
	(160, 174, 13),
	(161, 175, 50),
	(162, 176, 13),
	(163, 177, 34),
	(164, 178, 13),
	(165, 179, 51),
	(166, 180, 52),
	(167, 181, 53),
	(168, 182, 46),
	(169, 183, 51),
	(170, 185, 8),
	(171, 187, 12),
	(172, 188, 13),
	(173, 189, 13),
	(174, 190, 4),
	(175, 191, 13),
	(176, 192, 4),
	(177, 193, 2),
	(178, 194, 54),
	(179, 196, 56),
	(180, 197, 6),
	(181, 198, 50),
	(182, 199, 4),
	(183, 200, 1),
	(184, 201, 13),
	(185, 202, 2),
	(186, 203, 1),
	(187, 204, 34),
	(188, 205, 10),
	(189, 206, 14),
	(190, 207, 57),
	(191, 208, 49),
	(192, 209, 4),
	(193, 211, 4),
	(194, 212, 4),
	(195, 213, 58),
	(196, 214, 22),
	(197, 215, 59),
	(198, 216, 60),
	(199, 217, 13),
	(200, 218, 13),
	(201, 219, 13),
	(202, 220, 61),
	(203, 221, 7),
	(204, 222, 8),
	(205, 223, 4),
	(206, 224, 1),
	(207, 225, 4),
	(208, 226, 35),
	(209, 228, 63),
	(210, 229, 1),
	(211, 230, 8),
	(212, 231, 38),
	(213, 232, 8),
	(214, 233, 40),
	(215, 234, 38),
	(216, 235, 49),
	(217, 236, 4),
	(218, 237, 4),
	(219, 238, 11),
	(220, 239, 13),
	(221, 240, 49),
	(222, 241, 64),
	(223, 242, 4),
	(224, 243, 2),
	(225, 244, 65),
	(226, 245, 66),
	(227, 246, 49),
	(228, 247, 4),
	(229, 248, 4),
	(230, 249, 34),
	(231, 250, 8),
	(232, 251, 54),
	(233, 252, 2),
	(234, 253, 2),
	(235, 254, 24),
	(236, 255, 2),
	(237, 256, 49),
	(238, 257, 13),
	(239, 258, 14),
	(240, 259, 4),
	(241, 260, 1),
	(242, 261, 1),
	(243, 262, 8),
	(244, 264, 1),
	(245, 265, 13),
	(246, 266, 64),
	(247, 267, 25),
	(248, 268, 67),
	(249, 270, 4),
	(250, 272, 8),
	(251, 273, 13),
	(252, 274, 4),
	(253, 275, 4),
	(254, 276, 1),
	(255, 277, 4),
	(256, 278, 7),
	(257, 279, 8),
	(258, 280, 68),
	(259, 281, 69),
	(260, 283, 70),
	(261, 285, 4),
	(262, 286, 34),
	(263, 287, 1),
	(264, 288, 38),
	(265, 289, 2),
	(266, 290, 13),
	(267, 291, 1),
	(268, 292, 4),
	(269, 293, 1),
	(270, 294, 71),
	(271, 296, 1),
	(272, 297, 72),
	(273, 298, 54),
	(274, 299, 2),
	(275, 300, 4),
	(276, 301, 13),
	(277, 302, 1),
	(278, 303, 28),
	(279, 304, 1),
	(280, 305, 1),
	(281, 306, 34),
	(282, 308, 4),
	(283, 309, 1),
	(284, 311, 1),
	(285, 312, 34),
	(286, 313, 1),
	(287, 314, 2),
	(288, 316, 26),
	(289, 317, 1),
	(290, 318, 4),
	(291, 319, 74),
	(292, 320, 13),
	(293, 321, 1),
	(294, 322, 42),
	(295, 323, 4),
	(296, 325, 1),
	(297, 327, 1),
	(298, 328, 8),
	(299, 329, 75),
	(300, 330, 1),
	(301, 331, 72),
	(302, 332, 5),
	(303, 333, 2),
	(304, 335, 1),
	(305, 336, 4),
	(306, 337, 4),
	(307, 338, 40),
	(308, 339, 4),
	(309, 340, 1),
	(310, 341, 76),
	(311, 342, 13),
	(312, 343, 8),
	(313, 344, 4),
	(314, 345, 42),
	(315, 347, 77),
	(316, 348, 48),
	(317, 349, 18),
	(318, 350, 13),
	(319, 351, 42),
	(320, 352, 1),
	(321, 353, 48),
	(322, 354, 1),
	(323, 355, 4),
	(324, 356, 1),
	(325, 357, 1),
	(326, 358, 1),
	(327, 359, 3),
	(328, 360, 1),
	(329, 361, 78),
	(330, 362, 38),
	(331, 363, 78),
	(332, 364, 1),
	(333, 366, 4),
	(334, 367, 79),
	(335, 368, 1),
	(336, 370, 4),
	(337, 371, 1),
	(338, 372, 1),
	(339, 373, 7),
	(340, 374, 1),
	(341, 375, 4),
	(342, 376, 1),
	(343, 377, 4),
	(344, 378, 8),
	(345, 379, 1),
	(346, 380, 28),
	(347, 381, 33),
	(348, 382, 4),
	(349, 383, 4),
	(350, 384, 4),
	(351, 385, 1),
	(352, 386, 34),
	(353, 388, 1),
	(354, 389, 4),
	(355, 390, 4),
	(356, 391, 4),
	(357, 393, 1),
	(358, 394, 1),
	(359, 395, 1),
	(360, 396, 13),
	(361, 397, 1),
	(362, 398, 8),
	(363, 399, 2),
	(364, 400, 8),
	(365, 401, 1),
	(366, 402, 1),
	(367, 403, 1),
	(368, 404, 1),
	(369, 405, 1),
	(370, 406, 4),
	(371, 407, 4),
	(372, 409, 4),
	(373, 410, 4),
	(374, 411, 1),
	(375, 412, 4),
	(376, 413, 1),
	(377, 414, 2),
	(378, 415, 1),
	(379, 416, 1),
	(380, 417, 1),
	(381, 419, 4),
	(382, 420, 1),
	(383, 421, 49),
	(384, 422, 42),
	(385, 423, 81),
	(386, 424, 34),
	(387, 425, 1),
	(388, 426, 1),
	(389, 427, 1),
	(390, 428, 1),
	(391, 429, 42),
	(392, 430, 38),
	(393, 432, 34),
	(394, 433, 1),
	(395, 434, 1),
	(396, 436, 1),
	(397, 437, 1),
	(398, 438, 1),
	(399, 439, 4),
	(400, 441, 1),
	(401, 442, 1),
	(402, 443, 1),
	(403, 444, 1),
	(404, 445, 1),
	(405, 446, 1),
	(406, 448, 8),
	(407, 450, 49),
	(408, 451, 26),
	(409, 453, 24),
	(410, 454, 24),
	(411, 455, 4),
	(412, 456, 1),
	(413, 457, 1),
	(414, 458, 83),
	(415, 459, 1),
	(416, 460, 1),
	(417, 461, 1),
	(418, 462, 38),
	(419, 463, 1),
	(420, 464, 1),
	(421, 465, 1),
	(422, 466, 1),
	(423, 467, 1),
	(424, 468, 52),
	(425, 469, 1),
	(426, 470, 1),
	(427, 471, 4),
	(428, 472, 1),
	(429, 473, 1),
	(430, 474, 1),
	(431, 475, 48),
	(432, 476, 4),
	(433, 477, 1),
	(434, 478, 4),
	(435, 479, 13),
	(436, 480, 1),
	(437, 481, 1),
	(438, 482, 4),
	(439, 483, 1),
	(440, 484, 1),
	(441, 485, 1),
	(442, 486, 1),
	(443, 487, 13),
	(444, 488, 84),
	(445, 489, 4),
	(446, 490, 85),
	(447, 491, 4),
	(448, 492, 38),
	(449, 493, 8),
	(450, 494, 4),
	(451, 495, 1),
	(452, 496, 86),
	(453, 497, 87),
	(454, 498, 68),
	(455, 499, 1),
	(456, 500, 49),
	(457, 501, 38),
	(458, 502, 1),
	(459, 503, 1),
	(460, 504, 1),
	(461, 505, 4),
	(462, 506, 1),
	(463, 507, 24),
	(464, 508, 88),
	(465, 509, 38),
	(466, 510, 2),
	(467, 511, 1),
	(468, 512, 1),
	(469, 513, 1),
	(470, 515, 1),
	(471, 516, 1),
	(472, 517, 11),
	(473, 518, 1),
	(474, 519, 34),
	(475, 520, 1),
	(476, 521, 1),
	(477, 522, 1),
	(478, 523, 1),
	(479, 524, 1),
	(480, 525, 1),
	(481, 526, 71),
	(482, 527, 1),
	(483, 528, 1),
	(484, 530, 1),
	(485, 531, 1),
	(486, 532, 1),
	(487, 533, 71),
	(488, 534, 1),
	(489, 535, 1),
	(490, 536, 1),
	(491, 537, 1),
	(492, 539, 1),
	(493, 540, 33),
	(494, 541, 1),
	(495, 542, 1),
	(496, 543, 1),
	(497, 545, 1),
	(498, 546, 1),
	(499, 547, 1),
	(500, 548, 1),
	(501, 549, 1),
	(502, 550, 4),
	(503, 551, 1),
	(504, 552, 4),
	(505, 554, 75),
	(506, 555, 1),
	(507, 556, 1),
	(508, 557, 1),
	(509, 558, 71),
	(510, 559, 87),
	(511, 560, 4),
	(512, 562, 38),
	(513, 563, 4),
	(514, 564, 1),
	(515, 565, 1),
	(516, 566, 4),
	(517, 567, 1),
	(518, 568, 1),
	(519, 569, 1),
	(520, 570, 1),
	(521, 571, 1),
	(522, 572, 1),
	(523, 573, 1),
	(524, 575, 1),
	(525, 576, 1),
	(526, 577, 1),
	(527, 578, 1),
	(528, 579, 71),
	(529, 580, 71),
	(530, 581, 1),
	(531, 582, 52),
	(532, 583, 1),
	(533, 584, 1),
	(1024, 3, 3),
	(1025, 3, 4),
	(1026, 8, 9),
	(1027, 8, 2),
	(1028, 9, 10),
	(1029, 9, 11),
	(1030, 9, 12),
	(1031, 39, 3),
	(1032, 39, 4),
	(1033, 41, 20),
	(1034, 41, 21),
	(1035, 52, 24),
	(1036, 52, 22),
	(1037, 67, 29),
	(1038, 67, 30),
	(1039, 95, 8),
	(1040, 95, 12),
	(1041, 95, 35),
	(1042, 100, 7),
	(1043, 100, 8),
	(1044, 105, 7),
	(1045, 105, 3),
	(1046, 108, 8),
	(1047, 108, 10),
	(1048, 116, 3),
	(1049, 116, 6),
	(1050, 123, 40),
	(1051, 123, 8),
	(1052, 171, 2),
	(1053, 171, 3),
	(1054, 184, 2),
	(1055, 184, 3),
	(1056, 186, 8),
	(1057, 186, 18),
	(1058, 195, 55),
	(1059, 195, 23),
	(1060, 210, 2),
	(1061, 210, 3),
	(1062, 227, 62),
	(1063, 227, 13),
	(1064, 263, 38),
	(1065, 263, 18),
	(1066, 269, 18),
	(1067, 269, 4),
	(1068, 271, 35),
	(1069, 271, 34),
	(1070, 282, 3),
	(1071, 282, 7),
	(1072, 284, 3),
	(1073, 284, 4),
	(1074, 295, 3),
	(1075, 295, 2),
	(1076, 307, 24),
	(1077, 307, 10),
	(1078, 307, 40),
	(1079, 310, 24),
	(1080, 310, 73),
	(1081, 315, 24),
	(1082, 315, 8),
	(1083, 315, 40),
	(1084, 324, 20),
	(1085, 324, 3),
	(1086, 326, 21),
	(1087, 326, 24),
	(1088, 334, 31),
	(1089, 334, 35),
	(1090, 346, 4),
	(1091, 346, 21),
	(1092, 365, 20),
	(1093, 365, 12),
	(1094, 369, 3),
	(1095, 369, 20),
	(1096, 387, 22),
	(1097, 387, 7),
	(1098, 392, 80),
	(1099, 392, 8),
	(1100, 408, 30),
	(1101, 408, 29),
	(1102, 418, 21),
	(1103, 418, 24),
	(1104, 431, 8),
	(1105, 431, 10),
	(1106, 435, 30),
	(1107, 435, 29),
	(1108, 440, 30),
	(1109, 440, 29),
	(1110, 447, 24),
	(1111, 447, 8),
	(1112, 449, 82),
	(1113, 449, 12),
	(1114, 449, 40),
	(1115, 449, 8),
	(1116, 452, 30),
	(1117, 452, 29),
	(1118, 514, 24),
	(1119, 514, 21),
	(1120, 529, 30),
	(1121, 529, 29),
	(1122, 538, 24),
	(1123, 538, 3),
	(1124, 544, 89),
	(1125, 544, 46),
	(1126, 553, 10),
	(1127, 553, 21),
	(1128, 561, 24),
	(1129, 561, 21),
	(1130, 574, 24),
	(1131, 574, 82),
	(1132, 574, 8),
	(1133, 574, 40);
/*!40000 ALTER TABLE `catalogo_genero` ENABLE KEYS */;

-- Volcando estructura para tabla netflix_database.catalogo_idioma
CREATE TABLE IF NOT EXISTS `catalogo_idioma` (
  `id_catalogo_idioma` int(11) NOT NULL AUTO_INCREMENT,
  `id_catalogo` int(11) NOT NULL,
  `id_idioma` int(11) NOT NULL,
  PRIMARY KEY (`id_catalogo_idioma`),
  KEY `id_catalogo` (`id_catalogo`),
  KEY `id_idioma` (`id_idioma`),
  CONSTRAINT `catalogo_idioma_fk_id_catalogo` FOREIGN KEY (`id_catalogo`) REFERENCES `catalogo` (`id_catalogo`),
  CONSTRAINT `catalogo_idioma_fk_id_idioma` FOREIGN KEY (`id_idioma`) REFERENCES `idiomas` (`id_idioma`)
) ENGINE=InnoDB AUTO_INCREMENT=625 DEFAULT CHARSET=utf8 COLLATE=utf8_unicode_ci;

-- Volcando datos para la tabla netflix_database.catalogo_idioma: ~610 rows (aproximadamente)
/*!40000 ALTER TABLE `catalogo_idioma` DISABLE KEYS */;
INSERT INTO `catalogo_idioma` (`id_catalogo_idioma`, `id_catalogo`, `id_idioma`) VALUES
	(1, 1, 1),
	(2, 1, 2),
	(3, 31, 2),
	(4, 31, 3),
	(5, 127, 3),
	(6, 127, 20),
	(7, 264, 3),
	(8, 264, 2),
	(9, 288, 2),
	(10, 288, 1),
	(11, 296, 2),
	(12, 296, 3),
	(13, 317, 21),
	(14, 317, 3),
	(15, 321, 3),
	(16, 321, 2),
	(17, 335, 19),
	(18, 335, 2),
	(19, 344, 2),
	(20, 344, 22),
	(21, 344, 23),
	(22, 376, 2),
	(23, 376, 24),
	(24, 395, 23),
	(25, 395, 2),
	(26, 482, 27),
	(27, 482, 2),
	(28, 482, 11),
	(29, 486, 2),
	(30, 486, 5),
	(31, 506, 3),
	(32, 506, 2),
	(33, 508, 2),
	(34, 508, 7),
	(35, 511, 3),
	(36, 511, 2),
	(37, 513, 29),
	(38, 513, 2),
	(39, 515, 23),
	(40, 515, 2),
	(41, 516, 2),
	(42, 516, 30),
	(43, 525, 2),
	(44, 525, 5),
	(45, 554, 31),
	(46, 554, 2),
	(47, 581, 2),
	(48, 581, 32),
	(49, 581, 30),
	(64, 2, 3),
	(65, 3, 4),
	(66, 4, 2),
	(67, 5, 5),
	(68, 6, 5),
	(69, 7, 6),
	(70, 8, 2),
	(71, 9, 2),
	(72, 10, 5),
	(73, 11, 2),
	(74, 12, 7),
	(75, 13, 8),
	(76, 14, 9),
	(77, 15, 2),
	(78, 16, 3),
	(79, 17, 5),
	(80, 18, 2),
	(81, 19, 7),
	(82, 20, 2),
	(83, 21, 2),
	(84, 22, 2),
	(85, 23, 2),
	(86, 24, 5),
	(87, 25, 2),
	(88, 26, 2),
	(89, 27, 10),
	(90, 28, 2),
	(91, 29, 11),
	(92, 30, 4),
	(93, 32, 2),
	(94, 33, 11),
	(95, 34, 12),
	(96, 35, 2),
	(97, 36, 4),
	(98, 37, 11),
	(99, 38, 13),
	(100, 39, 2),
	(101, 40, 11),
	(102, 41, 2),
	(103, 42, 4),
	(104, 43, 2),
	(105, 44, 14),
	(106, 45, 2),
	(107, 46, 5),
	(108, 47, 15),
	(109, 48, 2),
	(110, 49, 2),
	(111, 50, 2),
	(112, 51, 11),
	(113, 52, 2),
	(114, 53, 2),
	(115, 54, 3),
	(116, 55, 12),
	(117, 56, 2),
	(118, 57, 8),
	(119, 58, 2),
	(120, 59, 15),
	(121, 60, 16),
	(122, 61, 2),
	(123, 62, 2),
	(124, 63, 2),
	(125, 64, 8),
	(126, 65, 2),
	(127, 66, 2),
	(128, 67, 2),
	(129, 68, 2),
	(130, 69, 2),
	(131, 70, 2),
	(132, 71, 17),
	(133, 72, 18),
	(134, 73, 2),
	(135, 74, 2),
	(136, 75, 2),
	(137, 76, 2),
	(138, 77, 2),
	(139, 78, 2),
	(140, 79, 2),
	(141, 80, 2),
	(142, 81, 2),
	(143, 82, 2),
	(144, 83, 4),
	(145, 84, 2),
	(146, 85, 2),
	(147, 86, 11),
	(148, 87, 2),
	(149, 88, 5),
	(150, 89, 3),
	(151, 90, 11),
	(152, 91, 2),
	(153, 92, 11),
	(154, 93, 3),
	(155, 94, 2),
	(156, 95, 2),
	(157, 96, 2),
	(158, 97, 3),
	(159, 98, 5),
	(160, 99, 14),
	(161, 100, 2),
	(162, 101, 5),
	(163, 102, 2),
	(164, 103, 11),
	(165, 104, 2),
	(166, 105, 2),
	(167, 106, 2),
	(168, 107, 4),
	(169, 108, 2),
	(170, 109, 2),
	(171, 110, 13),
	(172, 111, 12),
	(173, 112, 2),
	(174, 113, 5),
	(175, 114, 2),
	(176, 115, 2),
	(177, 116, 2),
	(178, 117, 2),
	(179, 118, 19),
	(180, 119, 1),
	(181, 120, 2),
	(182, 121, 2),
	(183, 122, 2),
	(184, 123, 2),
	(185, 124, 2),
	(186, 125, 2),
	(187, 126, 2),
	(188, 128, 2),
	(189, 129, 12),
	(190, 130, 2),
	(191, 131, 2),
	(192, 132, 2),
	(193, 133, 6),
	(194, 134, 2),
	(195, 135, 2),
	(196, 136, 4),
	(197, 137, 2),
	(198, 138, 3),
	(199, 139, 2),
	(200, 140, 2),
	(201, 141, 2),
	(202, 142, 2),
	(203, 143, 4),
	(204, 144, 2),
	(205, 145, 3),
	(206, 146, 2),
	(207, 147, 2),
	(208, 148, 5),
	(209, 149, 2),
	(210, 150, 2),
	(211, 151, 2),
	(212, 152, 18),
	(213, 153, 2),
	(214, 154, 2),
	(215, 155, 15),
	(216, 156, 2),
	(217, 157, 2),
	(218, 158, 2),
	(219, 159, 2),
	(220, 160, 2),
	(221, 161, 2),
	(222, 162, 17),
	(223, 163, 2),
	(224, 164, 2),
	(225, 165, 2),
	(226, 166, 2),
	(227, 167, 2),
	(228, 168, 2),
	(229, 169, 5),
	(230, 170, 5),
	(231, 171, 2),
	(232, 172, 2),
	(233, 173, 2),
	(234, 174, 2),
	(235, 175, 2),
	(236, 176, 2),
	(237, 177, 5),
	(238, 178, 12),
	(239, 179, 14),
	(240, 180, 2),
	(241, 181, 2),
	(242, 182, 2),
	(243, 183, 2),
	(244, 184, 2),
	(245, 185, 2),
	(246, 186, 2),
	(247, 187, 10),
	(248, 188, 2),
	(249, 189, 2),
	(250, 190, 14),
	(251, 191, 3),
	(252, 192, 2),
	(253, 193, 2),
	(254, 194, 2),
	(255, 195, 2),
	(256, 196, 2),
	(257, 197, 2),
	(258, 198, 2),
	(259, 199, 2),
	(260, 200, 2),
	(261, 201, 5),
	(262, 202, 11),
	(263, 203, 2),
	(264, 204, 2),
	(265, 205, 2),
	(266, 206, 2),
	(267, 207, 4),
	(268, 208, 2),
	(269, 209, 4),
	(270, 210, 2),
	(271, 211, 5),
	(272, 212, 2),
	(273, 213, 2),
	(274, 214, 2),
	(275, 215, 2),
	(276, 216, 2),
	(277, 217, 2),
	(278, 218, 2),
	(279, 219, 2),
	(280, 220, 2),
	(281, 221, 2),
	(282, 222, 2),
	(283, 223, 2),
	(284, 224, 2),
	(285, 225, 2),
	(286, 226, 2),
	(287, 227, 2),
	(288, 228, 2),
	(289, 229, 2),
	(290, 230, 2),
	(291, 231, 2),
	(292, 232, 2),
	(293, 233, 2),
	(294, 234, 11),
	(295, 235, 2),
	(296, 236, 6),
	(297, 237, 8),
	(298, 238, 12),
	(299, 239, 2),
	(300, 240, 2),
	(301, 241, 2),
	(302, 242, 5),
	(303, 243, 3),
	(304, 244, 2),
	(305, 245, 2),
	(306, 246, 4),
	(307, 247, 3),
	(308, 248, 2),
	(309, 249, 8),
	(310, 250, 6),
	(311, 251, 2),
	(312, 252, 2),
	(313, 253, 11),
	(314, 254, 2),
	(315, 255, 3),
	(316, 256, 2),
	(317, 257, 2),
	(318, 258, 2),
	(319, 259, 2),
	(320, 260, 2),
	(321, 261, 2),
	(322, 262, 2),
	(323, 263, 2),
	(324, 265, 2),
	(325, 266, 2),
	(326, 267, 2),
	(327, 268, 2),
	(328, 269, 2),
	(329, 270, 2),
	(330, 271, 2),
	(331, 272, 12),
	(332, 273, 11),
	(333, 274, 8),
	(334, 275, 5),
	(335, 276, 2),
	(336, 277, 3),
	(337, 278, 2),
	(338, 279, 12),
	(339, 280, 2),
	(340, 281, 2),
	(341, 282, 2),
	(342, 283, 2),
	(343, 284, 2),
	(344, 285, 1),
	(345, 286, 2),
	(346, 287, 2),
	(347, 289, 7),
	(348, 290, 2),
	(349, 291, 2),
	(350, 292, 2),
	(351, 293, 11),
	(352, 294, 2),
	(353, 295, 2),
	(354, 297, 3),
	(355, 298, 2),
	(356, 299, 2),
	(357, 300, 2),
	(358, 301, 14),
	(359, 302, 2),
	(360, 303, 8),
	(361, 304, 2),
	(362, 305, 2),
	(363, 306, 2),
	(364, 307, 2),
	(365, 308, 11),
	(366, 309, 2),
	(367, 310, 2),
	(368, 311, 2),
	(369, 312, 8),
	(370, 313, 2),
	(371, 314, 3),
	(372, 315, 2),
	(373, 316, 2),
	(374, 318, 2),
	(375, 319, 2),
	(376, 320, 2),
	(377, 322, 2),
	(378, 323, 2),
	(379, 324, 1),
	(380, 325, 11),
	(381, 326, 2),
	(382, 327, 2),
	(383, 328, 5),
	(384, 329, 2),
	(385, 330, 2),
	(386, 331, 2),
	(387, 332, 2),
	(388, 333, 2),
	(389, 334, 2),
	(390, 336, 5),
	(391, 337, 2),
	(392, 338, 2),
	(393, 339, 3),
	(394, 340, 2),
	(395, 341, 11),
	(396, 342, 2),
	(397, 343, 2),
	(398, 345, 2),
	(399, 346, 2),
	(400, 347, 2),
	(401, 348, 2),
	(402, 349, 5),
	(403, 350, 3),
	(404, 351, 3),
	(405, 352, 2),
	(406, 353, 2),
	(407, 354, 2),
	(408, 355, 5),
	(409, 356, 2),
	(410, 357, 2),
	(411, 358, 2),
	(412, 359, 7),
	(413, 360, 2),
	(414, 361, 2),
	(415, 362, 3),
	(416, 363, 2),
	(417, 364, 2),
	(418, 365, 1),
	(419, 366, 5),
	(420, 367, 2),
	(421, 368, 2),
	(422, 369, 1),
	(423, 370, 2),
	(424, 371, 2),
	(425, 372, 2),
	(426, 373, 2),
	(427, 374, 2),
	(428, 375, 2),
	(429, 377, 2),
	(430, 378, 12),
	(431, 379, 1),
	(432, 380, 2),
	(433, 381, 2),
	(434, 382, 2),
	(435, 383, 7),
	(436, 384, 6),
	(437, 385, 3),
	(438, 386, 2),
	(439, 387, 2),
	(440, 388, 2),
	(441, 389, 5),
	(442, 390, 2),
	(443, 391, 3),
	(444, 392, 2),
	(445, 393, 3),
	(446, 394, 2),
	(447, 396, 2),
	(448, 397, 2),
	(449, 398, 5),
	(450, 399, 2),
	(451, 400, 2),
	(452, 401, 11),
	(453, 402, 2),
	(454, 403, 2),
	(455, 404, 2),
	(456, 405, 2),
	(457, 406, 5),
	(458, 407, 2),
	(459, 408, 2),
	(460, 409, 4),
	(461, 410, 2),
	(462, 411, 25),
	(463, 412, 2),
	(464, 413, 11),
	(465, 414, 5),
	(466, 415, 2),
	(467, 416, 11),
	(468, 417, 2),
	(469, 418, 2),
	(470, 419, 2),
	(471, 420, 12),
	(472, 421, 2),
	(473, 422, 2),
	(474, 423, 2),
	(475, 424, 5),
	(476, 425, 2),
	(477, 426, 2),
	(478, 427, 2),
	(479, 428, 2),
	(480, 429, 2),
	(481, 430, 2),
	(482, 431, 2),
	(483, 432, 2),
	(484, 433, 2),
	(485, 434, 2),
	(486, 435, 2),
	(487, 436, 2),
	(488, 437, 3),
	(489, 438, 3),
	(490, 439, 2),
	(491, 440, 2),
	(492, 441, 2),
	(493, 442, 2),
	(494, 443, 2),
	(495, 444, 2),
	(496, 445, 2),
	(497, 446, 2),
	(498, 447, 2),
	(499, 448, 4),
	(500, 449, 2),
	(501, 450, 2),
	(502, 451, 8),
	(503, 452, 2),
	(504, 453, 2),
	(505, 454, 2),
	(506, 455, 2),
	(507, 456, 2),
	(508, 457, 2),
	(509, 458, 2),
	(510, 459, 3),
	(511, 460, 2),
	(512, 461, 2),
	(513, 462, 10),
	(514, 463, 2),
	(515, 464, 3),
	(516, 465, 2),
	(517, 466, 2),
	(518, 467, 2),
	(519, 468, 2),
	(520, 469, 2),
	(521, 470, 2),
	(522, 471, 2),
	(523, 472, 2),
	(524, 473, 2),
	(525, 474, 26),
	(526, 475, 2),
	(527, 476, 2),
	(528, 477, 2),
	(529, 478, 2),
	(530, 479, 2),
	(531, 480, 2),
	(532, 481, 2),
	(533, 483, 2),
	(534, 484, 2),
	(535, 485, 2),
	(536, 487, 5),
	(537, 488, 2),
	(538, 489, 2),
	(539, 490, 3),
	(540, 491, 28),
	(541, 492, 5),
	(542, 493, 2),
	(543, 494, 17),
	(544, 495, 12),
	(545, 496, 2),
	(546, 497, 2),
	(547, 498, 2),
	(548, 499, 2),
	(549, 500, 2),
	(550, 501, 2),
	(551, 502, 2),
	(552, 503, 2),
	(553, 504, 2),
	(554, 505, 3),
	(555, 507, 2),
	(556, 509, 4),
	(557, 510, 5),
	(558, 512, 2),
	(559, 514, 2),
	(560, 517, 2),
	(561, 518, 2),
	(562, 519, 2),
	(563, 520, 2),
	(564, 521, 2),
	(565, 522, 2),
	(566, 523, 2),
	(567, 524, 2),
	(568, 526, 2),
	(569, 527, 2),
	(570, 528, 2),
	(571, 529, 2),
	(572, 530, 2),
	(573, 531, 2),
	(574, 532, 2),
	(575, 533, 2),
	(576, 534, 7),
	(577, 535, 2),
	(578, 536, 2),
	(579, 537, 2),
	(580, 538, 2),
	(581, 539, 2),
	(582, 540, 2),
	(583, 541, 2),
	(584, 542, 2),
	(585, 543, 2),
	(586, 544, 5),
	(587, 545, 2),
	(588, 546, 2),
	(589, 547, 2),
	(590, 548, 2),
	(591, 549, 2),
	(592, 550, 2),
	(593, 551, 2),
	(594, 552, 5),
	(595, 553, 2),
	(596, 555, 2),
	(597, 556, 2),
	(598, 557, 2),
	(599, 558, 2),
	(600, 559, 3),
	(601, 560, 3),
	(602, 561, 2),
	(603, 562, 2),
	(604, 563, 2),
	(605, 564, 2),
	(606, 565, 2),
	(607, 566, 2),
	(608, 567, 2),
	(609, 568, 2),
	(610, 569, 2),
	(611, 570, 2),
	(612, 571, 2),
	(613, 572, 2),
	(614, 573, 2),
	(615, 574, 2),
	(616, 575, 2),
	(617, 576, 3),
	(618, 577, 2),
	(619, 578, 2),
	(620, 579, 2),
	(621, 580, 2),
	(622, 582, 2),
	(623, 583, 12),
	(624, 584, 2);
/*!40000 ALTER TABLE `catalogo_idioma` ENABLE KEYS */;

-- Volcando estructura para tabla netflix_database.generos
CREATE TABLE IF NOT EXISTS `generos` (
  `id_genero` int(11) NOT NULL AUTO_INCREMENT,
  `nombre` varchar(75) COLLATE utf8_unicode_ci NOT NULL,
  PRIMARY KEY (`id_genero`)
) ENGINE=InnoDB AUTO_INCREMENT=90 DEFAULT CHARSET=utf8 COLLATE=utf8_unicode_ci;

-- Volcando datos para la tabla netflix_database.generos: ~89 rows (aproximadamente)
/*!40000 ALTER TABLE `generos` DISABLE KEYS */;
INSERT INTO `generos` (`id_genero`, `nombre`) VALUES
	(1, 'Documentary'),
	(2, 'Thriller'),
	(3, 'Science fiction'),
	(4, 'Drama'),
	(5, 'Horror thriller'),
	(6, 'Mystery'),
	(7, 'Action'),
	(8, 'Comedy'),
	(9, 'Heist film'),
	(10, 'Musical'),
	(11, 'Western'),
	(12, 'Fantasy'),
	(13, 'Romantic comedy'),
	(14, 'Action comedy'),
	(15, 'Horror anthology'),
	(16, 'Political thriller'),
	(17, 'Superhero-Comedy'),
	(18, 'Horror'),
	(19, 'Romance drama'),
	(20, 'Anime'),
	(21, 'Short'),
	(22, 'Superhero'),
	(23, 'Heist'),
	(24, 'Animation'),
	(25, 'Family film'),
	(26, 'Action-thriller'),
	(27, 'Teen comedy-drama'),
	(28, 'Romantic drama'),
	(29, 'Interview'),
	(30, 'Aftershow'),
	(31, 'Christmas musical'),
	(32, 'Science fiction adventure'),
	(33, 'Variety show'),
	(34, 'Comedy-drama'),
	(35, 'Family'),
	(36, 'Supernatural drama'),
	(37, 'Romantic teenage drama'),
	(38, 'Crime drama'),
	(39, 'Psychological thriller drama'),
	(40, 'Adventure'),
	(41, 'Black comedy'),
	(42, 'Romance'),
	(43, 'Horror comedy'),
	(44, 'Christian musical'),
	(45, 'Romantic teen drama'),
	(46, 'Dark comedy'),
	(47, 'Comedy horror'),
	(48, 'Psychological thriller'),
	(49, 'Biopic'),
	(50, 'Mockumentary'),
	(51, 'Satire'),
	(52, 'One-man show'),
	(53, 'Romantic comedy-drama'),
	(54, 'Sports-drama'),
	(55, 'Zombie'),
	(56, 'Psychological horror'),
	(57, 'Sports film'),
	(58, 'Comedy mystery'),
	(59, 'Romantic thriller'),
	(60, 'Christmas comedy'),
	(61, 'War-Comedy'),
	(62, 'Holiday'),
	(63, 'Adventure-romance'),
	(64, 'Horror-thriller'),
	(65, 'Dance comedy'),
	(66, 'Stop Motion'),
	(67, 'Urban fantasy'),
	(68, 'War'),
	(69, 'Crime thriller'),
	(70, 'Teen comedy horror'),
	(71, 'Concert Film'),
	(72, 'Musical comedy'),
	(73, 'Musicial'),
	(74, 'Action thriller'),
	(75, 'War drama'),
	(76, 'Science fiction thriller'),
	(77, 'Hidden-camera prank comedy'),
	(78, 'Spy thriller'),
	(79, 'Animated musical comedy'),
	(80, 'Biographical'),
	(81, 'Historical-epic'),
	(82, 'Christmas'),
	(83, 'Mentalism special'),
	(84, 'Drama-Comedy'),
	(85, 'Coming-of-age comedy-drama'),
	(86, 'Historical drama'),
	(87, 'Making-of'),
	(88, 'Action-adventure'),
	(89, 'Anthology');
/*!40000 ALTER TABLE `generos` ENABLE KEYS */;

-- Volcando estructura para tabla netflix_database.idiomas
CREATE TABLE IF NOT EXISTS `idiomas` (
  `id_idioma` int(11) NOT NULL AUTO_INCREMENT,
  `nombre` varchar(50) COLLATE utf8_unicode_ci NOT NULL,
  PRIMARY KEY (`id_idioma`)
) ENGINE=InnoDB AUTO_INCREMENT=33 DEFAULT CHARSET=utf8 COLLATE=utf8_unicode_ci;

-- Volcando datos para la tabla netflix_database.idiomas: ~32 rows (aproximadamente)
/*!40000 ALTER TABLE `idiomas` DISABLE KEYS */;
INSERT INTO `idiomas` (`id_idioma`, `nombre`) VALUES
	(1, 'Japanese'),
	(2, 'English'),
	(3, 'Spanish'),
	(4, 'Italian'),
	(5, 'Hindi'),
	(6, 'Turkish'),
	(7, 'Korean'),
	(8, 'Indonesian'),
	(9, 'Malay'),
	(10, 'Dutch'),
	(11, 'French'),
	(12, 'Portuguese'),
	(13, 'Filipino'),
	(14, 'German'),
	(15, 'Polish'),
	(16, 'Norwegian'),
	(17, 'Marathi'),
	(18, 'Thai'),
	(19, 'Swedish'),
	(20, 'Basque'),
	(21, 'Catalan'),
	(22, 'Taiwanese'),
	(23, 'Mandarin'),
	(24, 'Thia'),
	(25, 'Georgian'),
	(26, 'Bengali'),
	(27, 'Khmer'),
	(28, 'Tamil'),
	(29, 'Arabic'),
	(30, 'Russian'),
	(31, 'Akan'),
	(32, 'Ukranian');
/*!40000 ALTER TABLE `idiomas` ENABLE KEYS */;

/*!40101 SET SQL_MODE=IFNULL(@OLD_SQL_MODE, '') */;
/*!40014 SET FOREIGN_KEY_CHECKS=IF(@OLD_FOREIGN_KEY_CHECKS IS NULL, 1, @OLD_FOREIGN_KEY_CHECKS) */;
/*!40101 SET CHARACTER_SET_CLIENT=@OLD_CHARACTER_SET_CLIENT */;
